{"cameraMode":{"drawMode":0,"name":"Shaded","section":"Shading Mode"},"sceneLighting":true,"audioPlay":false,"sceneViewState":{"m_AlwaysRefresh":false,"showFog":true,"showSkybox":true,"showFlares":true,"showImageEffects":true,"showParticleSystems":true,"showVisualEffectGraphs":true,"m_FxEnabled":true},"in2DMode":false,"pivot":{"x":28.265499114990236,"y":-85.17645263671875,"z":58.09709930419922},"rotation":{"x":0.002367359586060047,"y":-0.9901053309440613,"z":0.13960066437721253,"w":0.016737928614020349},"size":0.06631834805011749,"orthographic":false}